{"cameraMode":{"drawMode":0,"name":"Shaded","section":"Shading Mode"},"sceneLighting":false,"audioPlay":false,"sceneViewState":{"m_AlwaysRefresh":false,"showFog":true,"showSkybox":false,"showFlares":true,"showImageEffects":true,"showParticleSystems":true,"showVisualEffectGraphs":true,"m_FxEnabled":true},"in2DMode":false,"pivot":{"x":-13.288824081420899,"y":10.248149871826172,"z":-25.773517608642579},"rotation":{"x":0.12597697973251344,"y":-0.0062639787793159489,"z":0.0007608688320033252,"w":0.9920514225959778},"size":1.0307763814926148,"orthographic":false}