{"cameraMode":{"drawMode":0,"name":"Shaded","section":"Shading Mode"},"sceneLighting":true,"audioPlay":false,"sceneViewState":{"m_AlwaysRefresh":false,"showFog":true,"showSkybox":true,"showFlares":true,"showImageEffects":true,"showParticleSystems":true,"showVisualEffectGraphs":true,"m_FxEnabled":true},"in2DMode":false,"pivot":{"x":-0.4790402054786682,"y":-0.3906159996986389,"z":4.405703067779541},"rotation":{"x":0.17625954747200013,"y":0.03778301179409027,"z":-0.00680406391620636,"w":0.9836500287055969},"size":1.0307763814926148,"orthographic":false}