{"cameraMode":{"drawMode":0,"name":"Shaded","section":"Shading Mode"},"sceneLighting":false,"audioPlay":false,"sceneViewState":{"m_AlwaysRefresh":false,"showFog":true,"showSkybox":false,"showFlares":true,"showImageEffects":true,"showParticleSystems":true,"showVisualEffectGraphs":true,"m_FxEnabled":true},"in2DMode":false,"pivot":{"x":-2.7969517707824709,"y":-4.253199577331543,"z":5.911766052246094},"rotation":{"x":-0.015379567630589009,"y":0.17194944620132447,"z":0.0025664784479886295,"w":0.9850700497627258},"size":1.2539936304092408,"orthographic":false}